Jugador,Tiempo,Correo,Profile
Santiago Ramírez,43,bwolf@libertadores.edu.co,img/bryan.webp
Valentina Torres,40,mjes@libertadores.edu.co,img/meghan.webp
Andrés Felipe Gómez,38,aturner@libertadores.edu.co,img/alex.webp
Mariana López,36,mfisher@libertadores.edu.co,img/profile.webp
Camila Restrepo,35,jcormier@libertadores.edu.co,img/profile.webp
Juan Carlos Arroyo,34,jcarroyos@libertadores.edu.co,img/profile.webp
Tatiana Castaño,33,tschmidt@libertadores.edu.co,img/profile.webp
Ricardo Pineda,32,rveum@libertadores.edu.co,img/profile.webp
Gabriel Martínez,31,gsanford@libertadores.edu.co,img/profile.webp
Beatriz Rojas,30,bbartell@libertadores.edu.co,img/profile.webp
Sara Muñoz,29,sjohnson@libertadores.edu.co,img/profile.webp
Miguel Ángel Torres,28,mdavis@libertadores.edu.co,img/profile.webp
Emma Cárdenas,27,ewilson@libertadores.edu.co,img/profile.webp
Jaime Rodríguez,26,jbrown@libertadores.edu.co,img/profile.webp
Luisa Fernanda García,25,lgarcia@libertadores.edu.co,img/profile.webp
